{
  "project_info": {
    "project_number": "913674079782",
    "firebase_url": "https://eventplanner-21b81.firebaseio.com",
    "project_id": "eventplanner-21b81",
    "storage_bucket": "eventplanner-21b81.appspot.com"
  },
  "client": [
    {
      "client_info": {
        "mobilesdk_app_id": "1:913674079782:android:b0a01db69b97203f6fa0e7",
        "android_client_info": {
          "package_name": "com.example.eventplannerapplication"
        }
      },
      "oauth_client": [
        {
          "client_id": "913674079782-b6n8pds3uhh1m49eeos0c8u9nk5r5cm5.apps.googleusercontent.com",
          "client_type": 3
        }
      ],
      "api_key": [
        {
          "current_key": "AIzaSyDhvSMb_mMY7C11SiSTWC_uIi4wmLtkjxc"
        }
      ],
      "services": {
        "appinvite_service": {
          "other_platform_oauth_client": [
            {
              "client_id": "913674079782-b6n8pds3uhh1m49eeos0c8u9nk5r5cm5.apps.googleusercontent.com",
              "client_type": 3
            }
          ]
        }
      }
    }
  ],
  "configuration_version": "1"
}